{
  
  "worlds": [
    {
      "screen": { "moves": 2, "goal": "2", "lcd": "0" },
      "solution": [1, 1],
      "buttons": {
        "0_1": {
          "color": "darkblue",
          "type": "operation",
          "params": { "value": 1, "operator": "+" },
          "txt": "+1"
        }
      }
    },
  
    {
      "screen": { "moves": 3, "goal": "9", "lcd": "0" },
      "solution": [4, 7, 1],
      "buttons": {
        "0_1": {
          "color": "darkblue",
          "type": "operation",
          "params": { "value": 3, "operator": "*" },
          "txt": "x3"
        },
        "1_1": {
          "color": "darkblue",
          "type": "operation",
          "params": { "value": 1, "operator": "+" },
          "txt": "+1"
        },
        "2_1": {
          "color": "darkblue",
          "type": "operation",
          "params": { "value": 2, "operator": "+" },
          "txt": "+2"
        }
      }
    },
 
    {
      "screen": { "moves": 3, "goal": "5", "lcd": "4" },
      "solution": [7, 4, 1],
      "buttons": {
        "0_1": {
          "color": "darkblue",
          "type": "operation",
          "params": { "value": 3, "operator": "/" },
          "txt": "/3"
        },
        "1_1": {
          "color": "darkblue",
          "type": "operation",
          "params": { "value": 3, "operator": "+" },
          "txt": "+3"
        },
        "2_1": {
          "color": "darkblue",
          "type": "operation",
          "params": { "value": 3, "operator": "*" },
          "txt": "x3"
        }
      }
    },
    
    {
      "screen": { "moves": 4, "goal": "9", "lcd": "50" },
      "solution": [1, 4, 4, 5],
      "buttons": {
        "0_1": {
          "color": "darkblue",
          "type": "operation",
          "params": { "value": 5, "operator": "/" },
          "txt": "/5"
        },
        "1_1": {
          "color": "darkblue",
          "type": "operation",
          "params": { "value": 3, "operator": "*" },
          "txt": "x3"
        },
        "1_2": { "color": "lightorange", "type": "deletenumber", "txt": "<<" }
      }
    },


    {
      "screen": { "moves": 2, "goal": "11", "lcd": "0" },
      "solution": [1, 1],
      "buttons": {
        "0_1": {
          "color": "lightpurple",
          "type": "concatenate",
          "params": { "value": 1 },
          "txt": "1"
        }
      }
    },

    {
      "screen": { "moves": 3, "goal": "56", "lcd": "0" },
      "solution": [4, 1, 4],
      "buttons": {
        "0_1": {
          "color": "lightpurple",
          "type": "concatenate",
          "params": { "value": 1 },
          "txt": "1"
        },
        "1_1": {
          "color": "darkblue",
          "type": "operation",
          "params": { "value": 5, "operator": "+" },
          "txt": "+5"
        }
      }
    },
 

    {
      "screen": { "moves": 5, "goal": "210", "lcd": "0" },
      "solution": [5, 7, 1, 7, 4],
      "buttons": {
        "0_1": {
          "color": "darkblue",
          "type": "operation",
          "params": { "value": 5, "operator": "-" },
          "txt": "-5"
        },
        "1_1": {
          "color": "darkblue",
          "type": "operation",
          "params": { "value": 5, "operator": "+" },
          "txt": "+5"
        },
        "1_2": {
          "color": "lightpurple",
          "type": "concatenate",
          "params": { "value": 2 },
          "txt": "2"
        },
        "2_1": {
          "color": "lightpurple",
          "type": "concatenate",
          "params": { "value": 5 },
          "txt": "5"
        }
      }
    },
 
    {
      "screen": { "moves": 4, "goal": "222", "lcd": "0" },
      "solution": [1, 1, 1, 5],
      "buttons": {
        "0_1": {
          "color": "lightpurple",
          "type": "concatenate",
          "params": { "value": 1 },
          "txt": "1"
        },
        "1_2": {
          "color": "lightorange",
          "type": "changenumber",
          "params": { "numbersearch": 1, "numberchange": 2 },
          "txt": "1=>2"
        }
      }
    },
    {
      "screen": { "moves": 4, "goal": "93", "lcd": "0" },
      "solution": [1, 5, 4, 5],
      "buttons": {
        "0_1": {
          "color": "darkblue",
          "type": "operation",
          "params": { "value": 6, "operator": "+" },
          "txt": "+6"
        },
        "1_1": {
          "color": "darkblue",
          "type": "operation",
          "params": { "value": 7, "operator": "*" },
          "txt": "x7"
        },
        "1_2": {
          "color": "lightorange",
          "type": "changenumber",
          "params": { "numbersearch": 6, "numberchange": 9 },
          "txt": "6=>9"
        }
      }
    },
 

    {
        "screen": { "moves": 3, "goal": "1221", "lcd": "0" },
        "solution": [1, 4, 5],
        "buttons": {
          "0_1": {
            "color": "lightpurple",
            "type": "concatenate",
            "params": { "value": 1 },
            "txt": "1"
          },
          "1_1": {
            "color": "lightpurple",
            "type": "concatenate",
            "params": { "value": 2 },
            "txt": "2"
          },
          "1_2": {
            "color": "lightorange",
            "type": "mirronumber",
            "txt": "Mirror"
          }
        }
      }
  ]
}
